<?xml version="1.0" encoding="UTF-8"?>
<project-private xmlns="http://www.netbeans.org/ns/project-private/1">
    <editor-bookmarks xmlns="http://www.netbeans.org/ns/editor-bookmarks/2" lastBookmarkId="0"/>
    <open-files xmlns="http://www.netbeans.org/ns/projectui-open-files/2">
        <group>
            <file>file:/C:/Users/user/Documents/Projet-informatique-ClassCraft/src/classcraft/Etudiant.java</file>
            <file>file:/C:/Users/user/Documents/Projet-informatique-ClassCraft/src/classcraft/MainFrame.java</file>
            <file>file:/C:/Users/user/Documents/Projet-informatique-ClassCraft/src/classcraft/ListeDesEtudiants.java</file>
            <file>file:/C:/Users/user/Documents/Projet-informatique-ClassCraft/src/classcraft/Pouvoir.java</file>
        </group>
    </open-files>
</project-private>
